,time,count
0,1994,5.0
1,1995,2.5
2,1996,4.0
3,1997,1.8125
4,1998,4.666666666666667
5,1999,10.571428571428571
6,2000,9.8
7,2001,4.3478260869565215
8,2002,4.384615384615385
9,2003,4.766666666666667
10,2004,20.34285714285714
11,2005,3.3214285714285716
12,2006,11.813953488372093
13,2007,2.838709677419355
14,2008,13.0
15,2009,4.1063829787234045
16,2010,9.068965517241379
17,2011,3.40625
18,2012,21.446428571428573
19,2014,16.3
20,2016,15.44186046511628
