,time,count
0,2010,2.0625
1,2011,4.71875
2,2012,4.7272727272727275
3,2014,3.9565217391304346
4,2016,3.5384615384615383
