,time,count
0,1994,2.272727272727273
1,1995,1.1
2,1996,3.142857142857143
3,1997,3.0
4,1998,4.444444444444445
5,1999,3.4423076923076925
6,2000,5.9411764705882355
7,2001,5.25
8,2002,6.975
9,2003,4.2
10,2004,15.5
11,2005,4.621621621621622
12,2006,8.5
13,2007,5.515151515151516
14,2008,10.211538461538462
15,2009,3.977777777777778
16,2010,7.576923076923077
17,2011,8.45
18,2012,12.01639344262295
19,2014,8.830188679245284
20,2016,4.688888888888889
