year,abundance
units,count / sampling-day
extent,FKNMS
2010,2.0625
2011,4.71875
2012,4.7272727272727275
2014,3.9565217391304346
2016,3.5384615384615383
