year,abundance
units,count / sampling-day
extent,FKNMS
1994.0,2.272727272727273
1995.0,1.1
1996.0,3.142857142857143
1997.0,3.0
1998.0,4.444444444444445
1999.0,3.4423076923076925
2000.0,5.9411764705882355
2001.0,5.25
2002.0,6.975
2003.0,4.2
2004.0,15.5
2005.0,4.621621621621622
2006.0,8.5
2007.0,5.515151515151516
2008.0,10.211538461538462
2009.0,3.977777777777778
2010.0,7.576923076923077
2011.0,8.45
2012.0,12.01639344262295
2014.0,8.830188679245284
2016.0,4.688888888888889
